,"ph_eta[:,1]",diph_M,dr_lep_ph1,"ph_conversion_type[:,1]","ph_conversion_type[:,0]"
"ph_eta[:,1]",1.0,0.003167497506904647,0.0020745236782854348,-0.002315479833716612,-0.0012912348148164591
diph_M,0.003167497506904647,1.0,0.08619167091889418,0.041941527552964784,0.01661087349744293
dr_lep_ph1,0.0020745236782854348,0.08619167091889418,1.0,0.026970767811791464,0.0008481325178665058
"ph_conversion_type[:,1]",-0.002315479833716612,0.041941527552964784,0.026970767811791464,1.0,0.005858945689930009
"ph_conversion_type[:,0]",-0.0012912348148164591,0.01661087349744293,0.0008481325178665058,0.005858945689930009,1.0
